Company Name,Number of Apps
com,33
app,15
co,12
andromo,11
photo,5
gmail,5
apps,4
subsplashconsulting,3
makeshop,3
game,3
minube,3
ac,3
jymstudio,3
bhappdevelopment,3
simpleapps,2
flipdish,2
beautiful,2
devotee,2
alex,2
chownow,2
pro,2
mobileapp,2
trainerize,2
dict,2
sinopacific,2
ikeyboard,2
phorest,2
newandromo,2
fitnessmobileapps,2
varys,2
appix,2
offroad,2
mobileappsprn,2
nick,2
thor,2
revesoft,2
nobexinc,2
subsplash,2
shoutcast,2
ksm,1
tkapplications,1
wgkl,1
actiontourguide,1
softkaihatsusitu,1
trackingtopia,1
mothernode,1
music,1
raj,1
desclick,1
simart,1
avant,1
apolloagung,1
passsong,1
foradocanal,1
codebrew,1
Brumre,1
merchant,1
MediaStudioRadioFM,1
niagara,1
cocoa,1
tasteocracy,1
exposure,1
doralogic,1
romanothan,1
dog_ice,1
gmg,1
rakib,1
blackdevelopers,1
vjy,1
urdubyte,1
noktok,1
calculaitor,1
drumatica,1
magzter,1
foodrewardbusiness,1
cmrlabs,1
truestatus,1
GameChangers,1
example,1
kgtasarim,1
tgc,1
gmx,1
empatstickers,1
maelstrom,1
zombie,1
secretphotosandvideoslocker,1
royal_bengal_apps,1
mozarella,1
messianic,1
a,1
nika,1
creatorsbureau,1
learn,1
oatjohndrip,1
omneity,1
irv,1
flexybeauty,1
UshkalkaMob,1
forumloft,1
finalacademy,1
