Name,Category
ParentingNI,Parenting
Checkout,Parenting
Neon 3d Iron Tech Keyboard Theme,Personalization
Niagara Falls Wallpapers,Personalization
GO SMS PRO CRYSTAL THEME,Personalization
Zebra Print Wallpapers: HD images Free download,Personalization
Cute Theme Fluffy Love,Personalization
Wallpapers for Chicago Bears Fans,Personalization
Love Icon Pack,Personalization
Reindeer Live Keyboard Theme,Personalization
Theme for Oppo K3,Personalization
Katrina Kaif Wallpapers 2021,Personalization
Dinosaur Wallpaper,Personalization
Rainbow wallpaper,Personalization
Red Black Business Theme,Personalization
SMK LIFE,Personalization
Turn Off Screen,Personalization
ROG Aurus Icon Pack,Personalization
Rolling Stones Themes,Personalization
Pink Cute Couple Cartoon Theme,Personalization
Gold Rose Live Wallpaper,Personalization
Happy new year 2021 live wallpaper,Personalization
Awesome 3D Wallpapers & Vintage Wallpapers,Personalization
Rain in the forest Video LWP,Personalization
Highway Speed Launcher Theme,Personalization
Battery Saver C.C.Makiart,Personalization
Anthem of Aruba,Personalization
Christian Wallpapers,Personalization
Anonymous Wallpaper 4K HD | Marshmello Wallpaper,Personalization
Metallicons - Icon Pack,Personalization
Autumn Wolf Live Wallpaper,Personalization
Cute Panda Live Wallpaper,Personalization
Blox Pro: Live Wallpaper,Personalization
Capoeira Durante Todo O Dia By ApeX,Personalization
Roma-football players,Personalization
Water Ripple Builer,Personalization
Hindi keyboard Izee,Personalization
Relationship Quote Wallpapers,Personalization
Indian Independence Day Keyboard,Personalization
Christmas Reindeer Wallpapers,Personalization
Unicorn Stickers for WhatsApp - WAStickerApps,Personalization
Theme & Wallpaper for Samsung Galaxy S21 Ultra pro,Personalization
Cute Theme-Open Your Heart-,Personalization
Diwali Live Wallpaper HD,Personalization
Asuna Cute Girl Anime Wallpaper Sword Screen Lock,Personalization
JKC,Personalization
Bible Word Search,Word
Blabber Mouth,Word
Coloring Book Barbaie,Entertainment
Dj Car Sound And Sound Effects 2019,Entertainment
Creepy Story,Entertainment
RPM Practice Test,Entertainment
Lagu Religi dan Sholawat : mp3 dan video,Entertainment
Dentist Kids Hospital Surgery Simulation Tutorial,Entertainment
Firework Sounds,Entertainment
Ash Kreations 360,Entertainment
Mod Godzilla Minecraft,Entertainment
Disco Lights (flashing!),Entertainment
Unicorn Birthday Cake and Candles,Entertainment
Germany wallpapers,Entertainment
UCM Radio-The Beat,Entertainment
xrsta xatr,Entertainment
Happy Valentine's Day,Entertainment
Hip Hop & Rab World Radio Station,Entertainment
Roses,Entertainment
MONOMAX à¸šà¸£à¸´à¸à¸²à¸£à¸”à¸¹à¸«à¸™à¸±à¸‡à¸­à¸­à¸™à¹„à¸¥à¸™à¹Œ,Entertainment
VR abandoned city 360,Entertainment
Jerzy Urban Soundboard,Entertainment
RÃ¡dio Monte Gerizim,Entertainment
Celebrity Booking App,Entertainment
Como tener Internet Gratis en mi Celular - GuÃ­a.,Entertainment
CH LINK,Entertainment
SalleJoven,Entertainment
Bhutan National Anthem - Druk tsendhen,Entertainment
Real Hollywood Starz,Entertainment
Western Movies App,Entertainment
ISKCON Virtual Temples,Entertainment
Feliz cumpleaÃ±os mi amor dedicatorias e imÃ¡genes,Entertainment
Led Word,Entertainment
2021 Happy Pentecost Festival Greeting Video Maker,Entertainment
à¦à¦¸ à¦à¦® à¦à¦¸ à¦¬à¦¾à¦‚à¦²à¦¾ à¦“ à¦‡à¦‚à¦°à§‡à¦œà¦¿ sms bangla n english,Entertainment
Glitter Color: Adult Coloring Book By Number Pages,Entertainment
RÃ¡dio NaÃ§Ã£o Nordestina,Entertainment
Jurassic Craft Mod 2020,Entertainment
Rosebud RSL,Entertainment
Sports Bike Wallpapers HD,Entertainment
TLNovelasLite - TeleNovelas Gratis,Entertainment
NAIJALOADED MOBILE APP,Entertainment
Medicinal plants,Entertainment
Dadi Maa Ki Kahaniya Videos - Dadima Ki Kahani,Entertainment
John Roger,Entertainment
Le Quartier,Entertainment
à¦¬à¦¿à¦¶à§à¦¬à¦•à¦¾à¦ª à¦«à§à¦Ÿà¦¬à¦² à§¨à§¦à§§à§® à¦¸à¦®à¦¯à¦¼à¦¸à§‚à¦šà¦¿,Entertainment
Good Afternoon Gif,Entertainment
Sober - G-Eazy ft. Puth Piano Cover Song,Entertainment
Free Nickname generator - Name Creator & Maker,Entertainment
Tos Merl - ážáŸ„áŸ‡áž˜áž¾áž›,Entertainment
Boris Becker,Entertainment
Best Meme Soundboard,Entertainment
Radio Poc Ã  Poc Guyane,Entertainment
Mauritius FM Radios,Entertainment
Dj Blaze,Entertainment
Full Rock Radio,Entertainment
Guide and Tricks Battle Games Mortar Clash 3D,Entertainment
Made Up Word Generator,Entertainment
S P Balasubramaniam Kannada Movie Songs,Entertainment
Khmer Karaoke Free,Entertainment
Baby Easter Montage Maker,Entertainment
Augmented Reality EdTech Tryit,Entertainment
Cine Latino,Entertainment
ØªØ¹Ù„Ù… Ø§Ù„Ù„ØºØ© Ø§Ù„Ø§Ø³Ø¨Ø§Ù†ÙŠØ©  ÙˆØ§Ù„Ø­Ø¯ÙŠØ« Ø¨Ù‡Ø§,Entertainment
Ø§Ø¨Ù† Ø§Ù„Ù‚ÙŠÙ…: Ù…Ø¯Ø§Ø±Ø¬ Ø§Ù„Ø³Ø§Ù„ÙƒÙŠÙ†,Entertainment
Wasif Ali Wasif Sayings,Entertainment
Happy Wedding GIF,Entertainment
De La Warr Pavilion,Entertainment
My First Robot,Entertainment
Funny Video for Tik Tok and Takatak,Entertainment
Hindi Desi Kahaniya - Kahaniya Desi Hindi Story,Entertainment
Top Draft for Dota 2,Entertainment
ÙƒÙˆÙ…ÙŠÙƒ Ø§Ù„Ø§Ù‡Ù„ÙŠ ÙˆØ§Ù„Ø²Ù…Ø§Ù„Ùƒ 2017,Entertainment
Ø£ÙØ¶Ù„ Ø§Ù„Ø¯Ø±Ø§Ù…Ø§ Ø§Ù„ØªØ±ÙƒÙŠØ© 2020,Entertainment
Radio Louvor,Music & Audio
Radio Estado de Mexico - FM Stations Free,Music & Audio
Quebec Radio Stations FM Canada Radio,Music & Audio
ThÃ¡nh Ca - Thanh Ca CÃ´ng GiÃ¡o Hay Tuyá»‡t Vá»i,Music & Audio
Non Stop Play UK Music Listen Online Radio Stream,Music & Audio
Emisoras Unidas 89.7 Radio Online FM,Music & Audio
Asif Habibi chanson Saad Lamjarred,Music & Audio
Radio Netherlands,Music & Audio
Festival Art Rock,Music & Audio
Piano Orchestra Sounds Ringtone,Music & Audio
Red Bay Alabama Radio Stations,Music & Audio
sundarara kanda by m s ramarao,Music & Audio
Radio of Life,Music & Audio
Radio nuova san giorgio online app,Music & Audio
Female Red Junglefowl Sounds HD,Music & Audio
O Melhor da :-: Banda Calypso,Music & Audio
Weapons Ringtones,Music & Audio
H. Muammar ZA Bimbingan Tilawatil Quran Offline,Music & Audio
Bebe Rexha The Best New Music Video Collection,Music & Audio
Radio FM Zu Romania,Music & Audio
DJUCED App,Music & Audio
Enigma Radio,Music & Audio
Offline Guitar Chords,Music & Audio
RePlayer,Music & Audio
Philly's Favor 100.7,Music & Audio
ðŸ“» RÃ¡dios do Rio Grande do Sul (AM/FM),Music & Audio
ÐÐ±Ð´ÑƒÒ“Ð°Ð¿Ð¿Ð°Ñ€ Ð¡Ð¼Ð°Ð½Ð¾Ð² Ð£Ð°Ð³Ñ‹Ð·Ð´Ð°Ñ€ 1,Music & Audio
WGKL Kool 105.5,Music & Audio
The Musical Box Radio,Music & Audio
MÃ¼zik Habercisi,Music & Audio
DREAMING FM,Music & Audio
Ø³ÙˆØ±Ø© Ø§Ù„ÙƒÙ‡Ù Ø¬ÙˆØ¯Ø© Ø¹Ø§Ù„ÙŠØ© Ù„Ù„Ø´ÙŠØ® Ø¹Ø¨Ø¯ Ø§Ù„Ø¨Ø§Ø³Ø· Ø¹Ø¨Ø¯ Ø§Ù„ØµÙ…Ø¯,Music & Audio
Baby Sleep,Music & Audio
Chill Music LoFi Guitar - Aesthetic Animation,Music & Audio
ðŸ¥‡ WAMO 100.1 Pittsburgh Radio Pennsylvania US,Music & Audio
Aewen Radio - Kdrama Online Radio,Music & Audio
Bolemvn (Prends ta monnaie),Music & Audio
Nháº¡c Tháº§n ChÃº Pháº­t GiÃ¡o,Music & Audio
Rwanda top radio stations free,Music & Audio
Columbia Radio South Carolina Radio Stations,Music & Audio
Mata Rani - Powerful Mantra,Music & Audio
Drumpad,Music & Audio
JENSEN WI-FI AUDIO,Music & Audio
ðŸ¥‡ 99 Jams WJMI Radio App Mississippi US,Music & Audio
CINA Radio 1650 AM App Canada CA Free Online,Music & Audio
Radios de Cuba,Music & Audio
Radio New Orleans,Music & Audio
Lionel Richie Songs & Lyrics,Music & Audio
Mustafa  MP3  offline,Music & Audio
WBAP Radio 820 App AM USA Free,Music & Audio
Full-Techno.com,Music & Audio
Lirik Lagu Armada - Aku Di Matamu Offline,Music & Audio
Salsa music,Music & Audio
96.9 Fm Mexico Radio Station Hit Music Online 96.9,Music & Audio
Cantos de CorrupiÃ£o,Music & Audio
Zakaria Abdulla,Music & Audio
FORA DO CANAL,Music & Audio
Ù…Ø­Ø§Ø¶Ø±Ø§Øª ÙˆØ®Ø·Ø¨ Ø§Ù„Ø´ÙŠØ® Ø³Ø§Ù„Ù… Ø§Ù„Ø¹Ø¬Ù…ÙŠ,Music & Audio
BTS DYNAMITE & LIFE GOES ON,Music & Audio
umarifm.com,Music & Audio
Radio Entre Rios Fm,Music & Audio
WKYH 600 AM/99.3 FM,Music & Audio
ðŸ¥‡ Radio Now 100.9 FM App Speedway Indiana US,Music & Audio
Ø³ÙˆØ±Ø© Ø§Ù„ÙˆØ§Ù‚Ø¹Ø© Ø¨Ø¯ÙˆÙ† Ø§Ù†ØªØ±Ù†Øª,Music & Audio
Radio JAS - Una radio pensada en apoyar la cultura,Music & Audio
Hyena Sounds,Music & Audio
chaotic piano - Pocket Grand Piano app,Music & Audio
Ø­Ù…ÙŠØ¯ Ø§Ù†Ø±Ø²Ø§Ù 2021 Ø¨Ø¯ÙˆÙ† Ø§Ù†ØªØ±Ù†ÙŠØª Hamid inerzaf,Music & Audio
Sound Garden Radio,Music & Audio
DJ Wants You to Remix Full Bass MP3,Music & Audio
Radio Selection,Music & Audio
Radio Schlagerparadies Kostenlose + Deutschland,Music & Audio
Acts238 Radio,Music & Audio
Ukrainian radio stations,Music & Audio
All Germany Radios in One App,Music & Audio
Ringtones Def Leppard Greatest Hits,Music & Audio
Real 3D Sounds,Music & Audio
THR Remote,Music & Audio
Dimitri Vegas And Like Mike Best Ringtones,Music & Audio
Fiwi Linkz Jamaica Radio,Music & Audio
Amakye Dede All Songs,Music & Audio
Sintracerromatoso Stereo,Music & Audio
Radio Renacer 106.1 FM en vivo emisora Puerto Rico,Music & Audio
ðŸ¥‡ Science 360 Radio App NY New York - US,Music & Audio
Ù…Ø­Ù…Ø¯ Ø³ÙŠØ¯ Ø­Ø§Ø¬ Ù…Ø­Ø§Ø¶Ø±Ø§Øª ÙˆØ®Ø·Ø¨ Ø¨Ø¯ÙˆÙ† Ù†Øª - Ø§Ù„Ø¬Ø²Ø¡ 7,Music & Audio
Radio Collasuyo,Music & Audio
Anjaneyaye Gayatri Matra,Music & Audio
RÃ¡dio EspÃ­rita,Music & Audio
Ú¯Ù„Ú†ÛŒÙ† Ø¢Ù‡Ù†Ú¯ Ù‡Ø§ÛŒ Ù„Ø±ÛŒ Ø¨Ø¯ÙˆÙ† Ø§ÛŒÙ†ØªØ±Ù†Øª,Music & Audio
Canary Training App Song of Champion Canaries,Music & Audio
Radio Maria Malta - Radju Marija,Music & Audio
Dancing Piano,Music & Audio
Abiding Radio APP FM Radio,Music & Audio
PLING Player,Music & Audio
Madagascar Radio Station Online - Madagascar FM AM,Music & Audio
Bruno e Marrone - Por um minuto,Music & Audio
Mr Drew All Songs,Music & Audio
SnapScan â€“ Scan, Share Documents
State Public School,com.edusecure.sandeep.spsshahkot
Lucky Duel - Free Lottery Games,com.ld.luckyduel
LinkWorldMoney: Simple,com.linkworldmoney.linkworld
Bounce & Bubble,Board
Parchis Horse Race Free,Board
Mancala,Board
Dominos Doubles Guess,Board
Friday - by Friedemann Friese,Board
Ø¹ÙˆÙ† | Awon,House & Home
Ahuja Residences,House & Home
Black Home Decor,House & Home
Living Room Display Cabinets,House & Home
Oneiro,House & Home
Calcolo Termico,House & Home
Trinity Central School,com.coptin.tcs
Calculus Tutorial 1: Introduction,Education
RACE ACADEMY,Education
Triple Point Academy,Education
The Battle at the Alamo 3D Viewer,Education
Ð”ÑƒÑ…Ð¾Ð²Ð½Ð¾-Ð½Ñ€Ð°Ð²ÑÑ‚Ð²ÐµÐ½Ð½Ð°Ñ ÐºÑƒÐ»ÑŒÑ‚ÑƒÑ€Ð° (Ð”ÐÐš),Education
Subtitle VR.,Education
Interact 3,Education
Mr.Nam- Free English Quiz game,Education
Rooman Elearn,Education
à¸§à¸±à¸ªà¸”à¸¸à¸ªà¸±à¸¡à¸œà¸±à¸ªà¸­à¸²à¸«à¸²à¸£,Education
Benefit of Pomegranate,Education
Addition Column Form,Education
EDUMORE,Education
SensorLab,Education
Ä°sem Dijital,Education
Subtitle,Education
Biochemistry MCQ,Education
Active Kids - Kinder/Preschooler App,Education
ì˜¤ì‚° ì•ˆì‹¬ìºì¹˜,Education
à¦®à¦¾à¦§à§à¦¯à¦®à¦¿à¦• à¦­à§Œà¦¤à¦¬à¦¿à¦œà§à¦žà¦¾à¦¨ - Madhyamik Physical Science,Education
A Spanish Word A Day,Education
Rice,Education
Blue Bird Senior Secondary School,Education
Career's Hub,Education
Pathshalaeschool,Education
Learn Aircraft Systems,Education
POOL CAR APP,Education
Intermediate Sight Words Free,Education
100-kamrater,Education
Environmental Studies Notes,Education
Exam 70-779 Test,Education
Hindi To Albanian - SQ To HI â€“ Speak Translator,Education
Win Ias,Education
General Knowledge in Bengali - GK in  à¦¬à¦¾à¦‚à¦²à¦¾,Education
oxidation state of 118 elements,Education
Philosophy of Science,Education
IN.FORM Tools,Education
English To Bangla Translator Offline and Online,Education
GLORIOUS,Education
Stop&Go,Education
èŽŽå£«æ¯”äºž11é€£ç’°éŒ¯ï¼ˆè‹±æ¼¢å°ç…§ï¼‰,Education
Acadia Parish SD,Education
smilee,Education
Press Bible,Education
Rockwell Parent Portal,Education
Myco4Vet,Education
Maulana Tareq Jameel Lecture Mp3 Full,Education
Nalanda International PU College,Education
Piano Melody,Education
Giant Dictionary,Education
Muslim Companion - Ramadan 2020,Education
Bukuu - Akibat Menipu,Education
à®†à®™à¯à®•à®¿à®²à®®à¯ à®•à®±à¯à®±à¯à®•à¯à®•à¯Šà®³à¯à®³à¯à®™à¯à®•à®³à¯ (more than15000 words),Education
SU ON THE GO,Education
Children Paradise Preschool,Education
Denver Classroom Teachers Association,Education
ì›ë”í’€ ìž ì–¸ ì¤‘êµ­ì–´,Education
Solar Panels And Solar Energy,Education
VIDYA VIKAS BODHAN,Education
Sadhguru Hindi,Education
MÃºltiplo EM â€“ Vol. 5 a 8,Education
Rad Onc Calc,Education
Learn German Vocabulary,Education
ebaa,Education
AIM CA,Education
ExamBro SMK Muhammadiyah Haurgeulis,Education
Clefs: Music Reading Trainer,Education
Success International School Riyadh (LMS),Education
Job A2Z,Education
Radboud Student,Education
Schneiders Simple Raytracer,Education
EHTP Connect,Education
Redeeming Grace,Education
OrganicLea,Education
Educrafter Classes,Education
Sains Dalam Perspektif Islam,Education
Burmese-English Dictionary,Education
Levy Baptist Church,Education
å­¦æ ¡æ¡ˆå†…ã€€ãƒŠãƒ¬ãƒƒã‚¸ã‚¹ãƒ†ãƒ¼ã‚·ãƒ§ãƒ³,Education
Learn HTML 5 Tutorial,Education
EVOLUTION CAREER INSTITUTE,Education
Mr. Potato Head: School Rush,Education
Hindi - Lithuanian Dictionary,Education
Surah Waqiah (Ø³ÙˆØ±Ø© Ø§Ù„ÙˆØ§Ù‚Ø¹Ø©) with Sound,Education
Punjabi Truck & Car Test à¨ªà©°à¨œà¨¾à¨¬à©€ à¨Ÿà¨°à©±à¨• à¨…à¨¤à©‡ à¨•à¨¾à¨° à¨Ÿà©‡à¨¸à¨Ÿ,Education
Economos : Dictionnaire Economique Fr âž£ En,Education
Drumatica,Education
Kidz Preschool,Education
Saksham Attendance,Education
8th class maths solution in hindi upboard,Education
Northside Young Adults,Education
Kalender Pendidikan 2020/2021,Education
Ø±ÙŠØ§Ø¶ Ø§Ù„ØµØ§Ù„Ø­ÙŠÙ† Ù„Ù„Ø£Ø·ÙØ§Ù„,Education
siAkad cloud,Education
Learn Affinity Designer,Education
Poshan Konkani HealthPhone,Education
Hanover,Education
Final Academy,Education
Hide & Seek with animals2 Kids,Education
Grasp,Education
Your Access,Education
Grandi Scuole,Education
R.K. Institute,Education
I Love Arabic,Education
Mother's Dream School,Education
Scholarships For International Students,Education
Quantum Digital Classes,Education
Latin-English Dictionary,Education
Ø¨Ø±Ù…Ø¬Ø© Ø§Ù„Ø§Ù†Ø¯Ø±ÙˆÙŠØ¯ (Android),Education
Form 2 Subjects handbook,Education
swami vivekananda swanirbhor prokolpo,Education
Buchberg 1269,Education
Manual de SeguranÃ§a em EdifÃ­cios,Education
Alpha Education,Education
Amharic Chinese Translator,Education
PEF Postgraduate College Peshawar,Education
áž‚ážŽáž·ážážœáž·áž‘áŸ’áž™áž¶ážáŸ’ážšáŸ€áž˜áž”áŸ’ážšáž›áž„áž”áž¶áž€áŸ‹ážŒáž»áž”áž†áŸ’áž“áž¶áŸ†áŸ¢áŸ áŸ áŸ¨,Education
Geografia del Mondo,Education
BAE,Education
90 Degree Education,Education
NDHU E-Learning App [Unofficial],Education
UPSEE Mock Tests for Best Results,Education
multiply,Education
é«˜æ ¡æ•°å­¦ ä¸‰è§’é–¢æ•° æ¼”ç¿’ãƒ‰ãƒªãƒ« ã‚»ãƒ³ã‚¿ãƒ¼è©¦é¨“å¯¾ç­– å¤å­£è¬›ç¿’ã€€,Education
Anil Sachdeva Physics Classes,Education
German-English Phrasebook: Use to Learn or Travel,Education
Kinvo,Education
Adventistas HistÃ³ricos,Education
Architecture Dictionary,Education
Surat Al-Waqiah Teks dan MP3,Education
HBSE 10th Result 2021- Haryana Board 10th Result,Education
School App SMA Negeri 1 Demak,Education
Quran Afrilang,Education
I.T.I Fitter Question Answer,Education
Lindsay Park Yacht Club,Education
Sri Kesaree Vidya Samsthe,Education
Fireballs In The Sky,Education
Ù‚ØµØµ Ø§Ù†Ø¬Ù„ÙŠØ²ÙŠØ© Ù…ØªØ±Ø¬Ù…Ø© Ù„Ù„Ø¹Ø±Ø¨ÙŠØ©,Education
Pocket Agenda - To-Do List, Organizer
Free French Music,com.RadioFrancia.MusicaFrancesaGratis
Sudan Flag Wallpaper: Flags,com.techzit.sudanflagwallpaper
Stativate - share,de.stativate.app
StudyTym : Free Mock Tests,co.jarvis.stdytm
Dodge The Cars!,Racing
Car Games Revival: Car Racing Games for Kids,Racing
AR Car Drive : Camera Version,Racing
Runway War,Racing
Racing game,Racing
Range Rover : Hill Trials Offroad Racing,Racing
Tank Racing,Racing
Parents,Maps & Navigation
be.MOBILISED,Maps & Navigation
Schoolbus*,Maps & Navigation
Vancouver Bus Tracker,Maps & Navigation
ACE Auto Club Europa,Maps & Navigation
opti*Map ED (Deutschland),Maps & Navigation
GPSVT - GPS Vehicle Tracking from Enterox,Maps & Navigation
TELETAXI/TERESINA - Taxista,Maps & Navigation
Taxsee Driver,Maps & Navigation
Pure Gas,Maps & Navigation
ÐšÑƒÐ±Ð°Ð½ÑŒ.Ð¢Ñ€Ð°Ð½ÑÐ¿Ð¾Ñ€Ñ‚,Maps & Navigation
LIMO : The Bus Directory,Maps & Navigation
PetProtect,Maps & Navigation
TracPlus,Maps & Navigation
AlpineQuest Off-Road Explorer (Lite),Maps & Navigation
BusTrackDC,Maps & Navigation
TUM,Maps & Navigation
ZUUM Driver,Maps & Navigation
Dugself- taxi easy ride,Maps & Navigation
é›²ç«¯çš„å£«(å¸æ©Ÿç‰ˆ) - é¦™æ¸¯çš„å£« HKTaxi,Maps & Navigation
EconTool for Nissan ELM327,Maps & Navigation
Chiang Rai Offline Map,Maps & Navigation
Singabus - Singapore Bus Timing + MRT app SG,Maps & Navigation
Space Matrix Map,Maps & Navigation
MapaMap Truck Europa,Maps & Navigation
Flyers, Banner
Infinity Loves ATL,Dating
Christian Dating,Dating
Indian sexy Girls mobile Numbers for Whatsapp chat,Dating
Meet the Black Girls Around the Corner,Dating
Daily Mindfulness - Calm, Relax
Bowling Paradise Pro FREE,Sports
ACtrainingLanzarote,Sports
Pocket Bowling 3D,Sports
VfL1910,Sports
Clube AtlÃ©tico Ypiranga,Sports
Cherry Lodge Golf Club,Sports
CRICKET FORECASTER (PREDICTION IN %),Sports
Lift It!,Sports
Team Tampa Sports,Sports
Bet Tips Score Match,Sports
Pro Betting,Sports
Photo Stopwatch,Sports
Standalone Golf GPS by Hole19,Sports
YamaTrack Mobile,Sports
Total Soccer: Road to Glory,Sports
Football Questions,Sports
Daily Stat Cards (DSC),Sports
FOOTBALL FANATIC,Sports
smartGyro,Sports
World Soccer Challenge,Sports
Royal Cricket,Sports
FanChants: Santos Fans Songs & Chants,Sports
Maui Raceway Park 2018,Sports
Fysio Henell,Sports
Pespla League 2.0,Sports
PÃ¡del Indoor RubÃ­,Sports
BPawa 98% Accurate Odds,Sports
ESA Dinghy,Sports
Old Avalon Golf Course,Sports
Buzzer Beater,Sports
Sports Jersey Design,Sports
MiniPool.io,Sports
Sosyal Futbol CanlÄ± Puan,Sports
Buenos Aires Golf,Sports
Kamesh Welding,Business
shyftfly,Business
Ambuja Bidding,Business
JayBo,Business
Uniquely Nelson,Business
Rekleo TV app,Business
Wealthbox,Business
Claudy Worker,Business
KNOWLEDGE FLOW CLASSES,Business
John Roberts Nissan DealerApp,Business
Ø£ÙˆØªÙˆØ¨ÙŠØ²,Business
epiwayâ„¢,Business
KARR S.W.A.T.,Business
AKKA Events,Business
Swellby Session Notes,Business
Ticketspice Scanner,Business
MatbÃ¸rsen,Business
Guard Tour Patrol Management System - VersionX,Business
Sandefjord kommune Innsiden,Business
Cost of Living Calculator Plus,Business
CardPlus Demo,Business
PW Harvey Client App,Business
Daily key needs adhoc,Business
DE Meeting,Business
Premium Card |Ø§Ù„Ø¨Ø·Ø§Ù‚Ø© Ø§Ù„Ù…Ù…ÙŠØ²Ø©,Business
PHOENIX CONTACT VISU+ mobile,Business
Fazzaco,Business
PaySou,Business
Errands,Business
LogIt,Business
Aptso Exports,Business
Kunbi,Business
Gatekeeper Systems StorePort,Business
FC80001,Business
LSE,Business
myChesrown Owner Rewards,Business
HPM Higher Place,Business
DataSymbol Demo,Business
Clay Cooley,Business
Deskcenter Messaging,Business
iTechGrocery Driver,Business
encompass KYC,Business
Magic Land,Business
ShopDely GO - Mensajeros,Business
Gofilex,Business
ASCE Texas Section,Business
flexmobility platform cc,Business
Paraflex Attendance,Business
JOTNA MEDIA GROUP,Business
Alteryx Inspire Europe 2016,Business
DigiBOX MANAGER,Business
AK PHARMA  DAVANGERE,Business
Starcraft Sales Tool Kit,Business
Food Reward Admin - Restaurant Reward & Loyalty,Business
Performance Trust UniversityÂ®,Business
Frxcash,Business
Superior Farms Procurement,Business
Earthlink Broadband,Business
ÐšÐ°Ð±Ð¸Ð½ÐµÑ‚ Ð¿Ñ€Ð¾Ð´Ð°Ð²Ñ†Ð° Tiu.ru,Business
Sudatum,Business
CRM - Ben Line Agencies,Business
Kinetica HealthScan,Business
Cableguy Pioneer,Business
Try CEC,Business
Sunnar,Business
Pronto Skipper,Business
QuickCoop,Business
MCCI Mobile,Business
Ayn AlTwar Corporate Services,Business
Business Card Maker & Creator,Business
Synergy G4S,Business
LeadsCapture,Business
TOZY,Business
Bro4u - Partners App,Business
Elliot Scott Group,Business
ISHA MLM,Business
Ata Tente GÃ¶lgelendirme Sistemleri,Business
GAC Member+,Business
Writables,Business
Car World,Business
HydraGEN for Android,Business
LAWnB Professional,Business
RO Care,Business
Alloy Inventory Scanner,Business
CenterCard,Business
MarketUP Comandas,Business
OC Total Protection Rfg System,Business
Apollo Agung,Business
TezZ Payment,Business
NXT Grid,Business
Stuttgarter Kickers,Business
GroPros Easy VAT,Business
Staffers,Business
CHECKED by NSFâ„¢,Business
Loft calculation and Roofing,Business
Mothernode CRM,Business
Reachoutwest,Business
PC Collector,Business
CellDe RetailD Pro,Business
Shepherd's Finance,Business
Retail Plus,Business
True Status,Art & Design
Royal Photo Frames And Effects Luxury Photo Editor,Art & Design
ColorFun: Horses Coloring Book | FREE,Art & Design
PJB Augmented Reality Calendar,Art & Design
Vincenzo Lanzaro Design,Art & Design
SprayCork,Art & Design
Calligraphy Art Maker,Art & Design
ÐœÑƒÐ·ÐµÐ¹ "Ð¡Ð¾Ð±Ñ€Ð°Ð½Ð¸Ðµ",Art & Design
Vibook,Productivity
ChurchManagement (PLMT),Productivity
Flashlight,Productivity
GC Shopper Show,Productivity
Smart File Manager,Productivity
Notes2Go - Take Notes and Set Reminders On the Go,Productivity
Water Board Lemesos,Productivity
Pitch Ideas -Share your Creativity,Productivity
Promotor,Productivity
CoolTopup Recharge,Productivity
MSU - Sponsors,Productivity
TPV ZuinqStudio,Productivity
SG-LockDown,Productivity
WiFi Connection Checker,Productivity
MijnVerlofdagen,Productivity
Coroebus,Productivity
Marketing Tools JC,Productivity
BSafe Bangalore,Productivity
TINE - TI e NegÃ³cio,Productivity
Memo and link,Productivity
initial (ì´ë‹ˆì…œ),Productivity
Sacred Heart of Jesus School,Productivity
BJCastTV-Airplay & Cast & DLNA & Screen & Wireless,Productivity
// get unstuck,Productivity
VHP Order Taker,Productivity
Fitness Zone,Productivity
Flowingly,Productivity
Well Planned Scheduler,Productivity
SmartFarm Plus,Productivity
LockNet Field App,Productivity
mm-link,Productivity
Como Plantar JilÃ³,Productivity
Maxson,Productivity
Calcular Rendimiento del Scoop,Productivity
CSE Escapades,Productivity
explorernet,Productivity
Yardi Concierge SMARTscan,Productivity
Netigma,Productivity
La Rossi,Productivity
HudCo DF,Productivity
Network Refresher - Auto Signal Refresher,Productivity
All In One Status Saver,Productivity
Readyactive: To-Do List and Motivation,Productivity
Corale Mestrino,Productivity
AG4 Comunidades,Productivity
Assetminder,Productivity
XSmart Driver,Productivity
Kara.ai,Productivity
One Space,Productivity
REMINGO Reminder on the Go,Productivity
Planduler,Productivity
Amsterdam - City Guide,Productivity
SGuard,Productivity
ØªÛŒÚ© Ù„ÛŒØ³Øª : ÛŒØ§Ø¯Ø¢ÙˆØ±ÛŒ Ùˆ Ù…Ø¯ÛŒØ±ÛŒØª Ø§Ù…ÙˆØ± Ø±ÙˆØ²Ø§Ù†Ù‡,Productivity
Watermark ALL NoAds,Productivity
werk,com.ecrome.werkbauwohnen.an
Web Development PRO (HTML,com.technoapps.webdevelopmentpro
Head Lice guide,Health & Fitness
Business Class Fitness,Health & Fitness
Coachman Training Systems,Health & Fitness
physical fitness exercise,Health & Fitness
Decon2018,Health & Fitness
FunFit,Health & Fitness
Neuron,Health & Fitness
Indiana Center for Recovery,Health & Fitness
Stay-Active,Health & Fitness
Como mejorar tu cerebro,Health & Fitness
Gorky Street,Health & Fitness
Drew Gatherer PT,Health & Fitness
Alt,Health & Fitness
The Self Center,Health & Fitness
Dadi nani ke ayurvedic nuskhe,Health & Fitness
Physio Pro,Health & Fitness
Minnesota Mash,Health & Fitness
AXiS Training & Gesundheit,Health & Fitness
Bromley Tennis Centre,Health & Fitness
Balanced Health Ltd,Health & Fitness
Keen by HabitAware,Health & Fitness
Yoga for beginners | Daily yoga | Meditation,Health & Fitness
CrossFit Barra Action,Health & Fitness
Fit Buzz,Health & Fitness
Chakra,Health & Fitness
Week Calories,Health & Fitness
XBX and 5BX,Health & Fitness
Dr. Osvaldo Magro Filho,Health & Fitness
Aberdeen Fitness Studio,Health & Fitness
í•˜ëŠ˜ìƒ˜êµíšŒ,Health & Fitness
Power Hour 360,Health & Fitness
West End YMCA,Health & Fitness
Calisthenics Logger,Health & Fitness
Dieta CetogÃ©nica,Health & Fitness
Daily Back Exercise - Posture,Health & Fitness
BEAT81 - HIIT Fitness Classes,Health & Fitness
CHS Member,Health & Fitness
ì»¤ë®¤ë‹ˆí‹°ë¶-ë½ë¿Œ,ì™€ì´ê³ ìˆ˜
Screen Recorder, V Recorder Editor
Trix,Card
Video Poker,Card
Royal Solitaire Free: Solitaire Games,Card
Badam Satti (Fan Tan)(Seven Of Hearts)(Parliament),Card
Catte - Cat te,Card
Spider Solitaire,Card
Uniks - Positivity,com.uniks.uniksapp
Signature Maker - Digital,com.signature.digital.fast.easy
unlimited 4G data prank free app,Libraries & Demo
One Identity Digital Passport,Libraries & Demo
BN Pro White Text,Libraries & Demo
Bhavan's BHEL VIM,Medical
CirugÃ­a Cardiovascular,Medical
Ø®ÙˆØ§Øµ Ú¯ÛŒØ§Ù‡Ø§Ù† Ø¯Ø§Ø±ÙˆÛŒÛŒ Ùˆ Ù…ÛŒÙˆÙ‡ Ù‡Ø§,Medical
Bá»‡nh viá»‡n Quáº­n 2 - Äáº·t khÃ¡m online,Medical
drCLOUD Certificati,Medical
blood bank,Medical
Dr.Cardio ECG,Medical
CongrÃ¨s GEM 2017,Medical
Total stages infimiers,Medical
Maple Planner,Medical
Physiotherapie S. Jantzen,Medical
Dermatology Made Easy,Medical
Calculador IMC,Medical
Radiunsat,Medical
CALIPER App,Medical
Bishop,Medical
Furdy mini,Medical
WHO TB Guide,Medical
Freedom Army Zombie Shooter 2: Free FPS Shooting,Comics
Cheeko Comic,Comics
Camelia Estetica & Solarium,Beauty
Trevor Sorbie,Beauty
Photo Editor & Collage Maker Pro 2021,Beauty
Thick Hair Ideas,Beauty
×ž×¡×¤×¨×ª ×‘×•×©×§×©,Beauty
soap,Beauty
Royo Beauty,Beauty
Ø­Ø§Ù„Ø§Øª ÙƒÙˆØ±ÙŠØ© ÙÙŠØ¯ÙŠÙˆ,Beauty
100 Simple DIY Hair Bow,Beauty
Diabetes_Blood Sugar,Beauty
å¿è€…é“å ´,Action
Tank War,Action
John Brick,Action
Warrior of War,Action
Balloon Popper,Action
Pong,Action
Build The House,Action
Imran Khan vs Nawaz Sharif,Action
Counter Strike Shooting Game: Special Ops Shooting,Action
Destruct Now,Action
Poopy Birds,Action
Fail Run Race,Action
Ninja Well,Action
Jelly Man Climb,Action
Contemporary Love Wallpaper HD,Books & Reference
Peribahasa Bahasa Indonesia,Books & Reference
Dua e Nudba - Offline,Books & Reference
Learn Electrical Engineering,Books & Reference
Maulid AL BARZANJI,Books & Reference
Taariikhda Soomaaliya - History of Somalia,Books & Reference
Buku Siswa Kelas 10 MA Fikih Revisi 2014,Books & Reference
ÐÑ‚ÐµÑ€Ð¾ÑÐºÐ»ÐµÑ€Ð¾Ð·. Ð¡Ð¸Ð¼Ð¿Ñ‚Ð¾Ð¼Ñ‹ Ð¸ ÑÐ¾Ð²ÐµÑ‚Ñ‹,Books & Reference
The New Way of the Cross,Books & Reference
O AlcorÃ£o em portuguÃªs,Books & Reference
à¦¤à¦°à§à¦£ (Tarun),Books & Reference
Ø§Ù„Ù‚Ø±Ø§Ù† Ø§Ù„ÙƒØ±ÙŠÙ… Ø¨Ø¯ÙˆÙ† Ø§Ø¹Ù„Ø§Ù†Ø§Øª,Books & Reference
Easy Mixed Martial Arts Tutorial,Books & Reference
Zavia (Part-2) by Ashfaq Ahmed - Offline,Books & Reference
OK eFOG,Books & Reference
Ilmu Hikmah Asma Suryani,Books & Reference
Data Sturcture MCQS,Books & Reference
Ð“Ð»Ð°Ð²Ð° ÑÐµÐ³Ð¾Ð´Ð½Ñ,Books & Reference
History of Uganda,Books & Reference
BHC Articles of Faith and By-Laws  2.0.1,Books & Reference
Luáº­t NhÃ  á»ž,Books & Reference
Santa Biblia Reina Valera,Books & Reference
SÃ©lection de Proverbes Arabes en FranÃ§ais,Books & Reference
DWR E-Library,Books & Reference
Beef Recipes in URDU,Books & Reference
Ideas of successful people,Books & Reference
Heer Ranjha Kahani,Books & Reference
Guide For Free Likee -Video Creation Status Tips,Books & Reference
Tuhfa-e-Ramzan,Books & Reference
COST Events,Books & Reference
ç´…æ¨“å¤¢  Chinese Literature,Books & Reference
Cek Pajak Kendaraan Kalimantan Tengah,Books & Reference
Class 6 HISTORY Notes,Books & Reference
Quincy Jones Quotes,Books & Reference
Free Diamonds and Coins Quiz for My Talking Tom,Books & Reference
Readster,Books & Reference
How Dropshipping Works,Books & Reference
ÐœÐµÑ‚Ð°Ð±Ð¾Ð»Ð¸Ñ‡ÐµÑÐºÐ°Ñ Ð´Ð¸ÐµÑ‚Ð°. Ð¡Ð¾Ð²ÐµÑ‚Ñ‹,Books & Reference
à¦¦à§‹à§Ÿà¦¾à¦° à¦¬à¦‡ ~ à¦¦à§‹à§Ÿà¦¾ à¦¬à¦‡  à¦à¦•à§‡à¦° à¦­à¦¿à¦¤à¦° à¦¸à¦¬ à¦¦à§‹à§Ÿà¦¾,Books & Reference
Dhoka Shayari,Books & Reference
ÐŸÐ¾ÑÐ¼ÐµÑ€Ñ‚Ð½Ð°Ñ Ð¶Ð¸Ð·Ð½ÑŒ Ð´ÑƒÑˆÐ¸,Books & Reference
Nabila aziz all novels,Books & Reference
Kila: The Lazy Pig,Books & Reference
Indonesian Hebrew dictionary,Books & Reference
à¦¦à§‹à§Ÿà¦¾à§Ÿà§‡ à¦•à§à¦¨à§à¦¤ à¦¬à¦¾à¦‚à¦²à¦¾ ~ Dua Qunut,Books & Reference
Ø§Ù„Ø·Ø¨ Ø§Ù„Ù†Ø¨ÙˆÙŠ Ù„Ø§Ø¨Ù† Ø§Ù„Ù‚ÙŠÙ…,Books & Reference
Ø±ÙˆØ§ÙŠØ© ØªØ±ÙˆÙŠØ¶ Ø§Ù„Ù†Ù…Ø± Ø§Ù„Ø¬Ø²Ø¡ Ø§Ù„Ø§ÙˆÙ„  Ù†Ù‡Ù€Ù€Ù€Ù‰ Ø§Ù„Ø´Ù€Ù€Ù€Ù‡Ø§ÙˆÙ‰,Books & Reference
Ä°ÅŸler Gel Al,Books & Reference
Zinda Rood - Dr. Javed Iqbal,Books & Reference
Bhagavad Gita in English,Books & Reference
Ù…Ø¹ Ø§Ù„Ù†Ø¨ÙŠ ÙÙŠ Ø±Ù…Ø¶Ø§Ù†,Books & Reference
MÃ¡rtires Cristianos - La historia,Books & Reference
Italian Polish dictionary,Books & Reference
Austria Forum,Books & Reference
à¦¦à§‹à§Ÿà¦¾-à¦¶à§à¦°à§‡à¦·à§à¦  à¦¦à§‹à§Ÿà¦¾-Doa,Books & Reference
Ð¢Ð°Ð¹Ð½Ñ‹ ÐœÐ°Ð´Ñ€Ð¸Ð´ÑÐºÐ¾Ð³Ð¾ Ð´Ð²Ð¾Ñ€Ð° Ð¢Ð¾Ð¼ 2,Books & Reference
Wear Reader,Books & Reference
Ð¡Ð¾Ð²ÐµÑ‚Ñ‹ ÑÐ¿Ð°ÑÐ°Ñ‚ÐµÐ»Ñ,Books & Reference
change your thinking change your life-brian tracy,Books & Reference
Assimilative Memory,Books & Reference
Greetings,Books & Reference
Hakayat e sheikh saadi,Books & Reference
JHS ICT Book offline Ghana,Books & Reference
à¦†à¦° à¦°à¦¾à¦¹à§€à¦•à§à¦² à¦®à¦¾à¦•à¦¤à§à¦® ~ à¦¨à¦¬à§€à¦œà§€à¦° à¦œà§€à¦¬à¦¨à§€,Books & Reference
Nostradamus: Prophetic Letter to His Son,Books & Reference
Challenge's Guide: Whos your Daddy?,Books & Reference
Ð‘Ð¸Ð±Ð»Ð¸Ð¾Ñ‚ÐµÐºÐ¸ Ð¡Ð¾Ð»Ð¾Ð¼ÐµÐ½ÐºÐ¸,Books & Reference
Igbo Mediators Of Yahweh Culture Of Life,Books & Reference
ShareMyBooks,Books & Reference
How Does an Airport Work? AR,Books & Reference
Norges Grunnlov,Books & Reference
Kata Gombal Romantis Lucu Abis,Books & Reference
ÙƒØªØ§Ø¨ ØªØ¹Ù„ÙŠÙ… Ø§Ù„ØµÙ„Ø§Ø© ÙˆØ§Ù„Ø¥Ù„ØªØ²Ø§Ù… Ø¨Ù‡Ø§,Books & Reference
Ø¢ÙŠØ§Øª Ù„Ù„Ø³Ø§Ø¦Ù„ÙŠÙ† - Ø§Ù„Ù‚Ø±Ø¢Ù† Ø§Ù„ÙƒØ±ÙŠÙ…,Books & Reference
Swedish Game: Word Game,swedish.funny.game.vocabulary.word
Visit Brownwood,com.visitwidget.brownwoodtx
Wildflower Health,com.wildflowerhealth.UGROW.WildflowerSWC
UG Bazaar: Automobiles, Buy
Cerita Anak: Kancil,com.educastudio.ririkancilkerbauular
Doge on Moon: so free,net.subpixel.DogeOnMoon
ignite,Events
SPConecta,Events
Parlamento Nacional de Timor-Leste,Events
Placehot,Events
Agiles2017,Events
AppSec EU 2018,Events
Alternativa FM 87,com.matutos.App04
Exam Result App Sri Lanka (A/L,com.slapphub.examresults
The Everyday Calendar,Lifestyle
REDMOND  Robot,Lifestyle
Barnets Hair,Lifestyle
PowerSwitch,Lifestyle
å‰æ©‹ ãƒãƒ³ãƒ‰ãƒã‚¤ãƒ«ã‚±ã‚¢ã‚¨ã‚¹ãƒ†ã‚µãƒ­ãƒ³ tekara å…¬å¼ã‚¢ãƒ—ãƒª,Lifestyle
Giydir Beni,Lifestyle
Mirror Mirror,Lifestyle
Transmute Robot Superhero,Lifestyle
Lipstick Color Ideas,Lifestyle
Simple RPG Dices,Lifestyle
New Vision Online,Lifestyle
Goodfellas,Lifestyle
ã¾ã‚‹ã¨ã¿ã‚¯ãƒªãƒ¼ãƒ‹ãƒ³ã‚°-ä¼šå“¡æ§˜å‘ã‘ã‚¢ãƒ—ãƒª,Lifestyle
ìˆœì²œì‹œë¯¼ì¹´ë“œ,Lifestyle
Senville,Lifestyle
WordSparks - Startup Quotes,Lifestyle
Barba Negra Shaving Company,Lifestyle
Hora Astrology and Horoscope,Lifestyle
Oraciones CatÃ³licas,Lifestyle
à¦®à§‡à¦¯à¦¼à§‡à¦¦à§‡à¦° à¦†à¦•à§ƒà¦·à§à¦Ÿ à¦•à¦°à¦¾à¦° à¦‰à¦ªà¦¾à¦¯à¦¼,Lifestyle
ç½‘æŠ‘äº‘çƒ­è¯„,Lifestyle
à¦•à¦·à§à¦Ÿà§‡à¦° à¦¸à§à¦Ÿà§à¦¯à¦¾à¦Ÿà¦¾à¦¸ à§¨à§¦à§§à§¯ â€“ Bangla Koster Status,Lifestyle
Task Master,Lifestyle
Emmanuel SDA Church,Lifestyle
Quotes,Lifestyle
CMB Radio Autentica UbatÃ©,Lifestyle
Crazy Taxi Simulator 2020 - Offroad Taxi Driving,Lifestyle
Santo Rosario CatÃ³lico,Lifestyle
Mensa Bonn,Lifestyle
Sherri Hill,Lifestyle
EmPat Stickers,Lifestyle
Wisi 60 Plus,Lifestyle
Lord Radio.,Lifestyle
myControlÂ®,Lifestyle
Spring in Paris wallpapers,Lifestyle
Burger Lounge,Lifestyle
Keyboard - Red Rose Petals New Theme,Lifestyle
å­•å©¦å°å¸¸è­˜æ‰‹å†Š,Lifestyle
APPETITE,Lifestyle
SunRidge Management,Lifestyle
Mero App,Lifestyle
Alabama CU - Member Benefits,Lifestyle
Peacock Colorful Rangoli Designs,Lifestyle
Royal Indian Girl Wedding Arrange Marriage Game,Lifestyle
à¤—à¥à¤°à¤¹à¥‹ à¤•à¥‹ à¤œà¤¾à¤¨à¥‡ à¤”à¤° à¤¸à¤®à¤à¥‡ - à¤¸à¤®à¥à¤ªà¥‚à¤°à¥à¤£ à¤œà¤¾à¤¨à¤•à¤¾à¤°à¥€,Lifestyle
My Home Maker,Lifestyle
NiceReview,Lifestyle
Westover Hills Church,Lifestyle
PEC Vouch365,Lifestyle
TAC-BCC,Lifestyle
Beer Magazine,Lifestyle
Calvary Independent Church,Lifestyle
Remedies for Eczema,Lifestyle
Daily Prayer book,Lifestyle
Diners Club PerÃº,Lifestyle
Breakfast in America 3,Lifestyle
Tent Buddy,Lifestyle
SafeAP Partner,Lifestyle
Grace PEI,Lifestyle
Simple Drawing Tutorials,Lifestyle
Ø§Ù‚ÙˆØ§Ù„ ÙˆØ­ÙƒÙ… Ø¨Ø§Ù„ØµÙˆØ± ØªÙˆÙ‚Ø¸ Ø§Ù„Ø¹Ù‚ÙˆÙ„,Lifestyle
Xem Tuá»•i Vá»£ Chá»“ng,Lifestyle
Environmental Web,Lifestyle
Ministry of Laser,Lifestyle
De Kieber Coiffure,Lifestyle
NLFGalveston,Lifestyle
Wespr,Lifestyle
BuradaOto,Shopping
íŽ«ë¹„íˆ¬ë¹„ - PETB2B,Shopping
Shop 13,Shopping
Wood Canyon Store,Shopping
Nashitun,Shopping
FashionValet,Shopping
Cherry On Cake,Shopping
Pizza Pronto Nemours,Shopping
Papillon Salat & Sandwiches,Shopping
Coimbatore Musicals,Shopping
Santa Maria Maasbree,Shopping
ÐÐ˜ÐšÐ: ÑŽÐ²ÐµÐ»Ð¸Ñ€Ð½Ñ‹Ðµ Ñ‡Ð°ÑÑ‹,Shopping
Ticket  Maniac,Shopping
Shopping list,Shopping
HJCCëª° - HJCC MALL,Shopping
Ð£Ð»Ñ‹Ð±ÐºÐ° Ñ€Ð°Ð´ÑƒÐ³Ð¸ â€“ ÐºÐ¾ÑÐ¼ÐµÑ‚Ð¸ÐºÐ° Ð¸ Ñ‚Ð¾Ð²Ð°Ñ€Ñ‹ Ð´Ð»Ñ Ð´Ð¾Ð¼Ð° Ð¾Ð½Ð»Ð°Ð¹Ð½,Shopping
Fashid Retails,Shopping
One Ghana Market,Shopping
Blubetty,Shopping
ë² ì´ë¹„ë°˜ì¦ˆ ì½”ë¦¬ì•„ - BabyBanz Korea,Shopping
The Old Farm Shed,Shopping
MÃ¼ller  Aktuelle Prospekt,Shopping
The Envy Loft,Shopping
APPY SHOP,Shopping
JustLocalz - Order Groceries from local stores,Shopping
Barker Basics,Shopping
HappyGo,Shopping
Hot Cup Factory,Shopping
Louisville Mercantile,Shopping
China Dynasty - Hendersonville,Shopping
FCI Corner Store App,Shopping
KoÃ§taÅŸ,Shopping
Hobi Malzemeleri,Shopping
Tena Durrani,Shopping
Maya,Shopping
GMG Partner App,Shopping
Pet Repet 1.1,Shopping
FullStops / Ù†Ù‚Ø§Ø·,Shopping
D2P Driver,Shopping
Paper Flavor,Shopping
Ecofood,Shopping
Bill Splitter,Shopping
op.se,News & Magazines
KÃ¶ln Zeitungen,News & Magazines
KURS.IF.UA,News & Magazines
ZEIT AUDIO,News & Magazines
Dainik Savera Times,News & Magazines
Altagama Revista,News & Magazines
ZUT aldizkaria,News & Magazines
News24 Rajasthan - Hindi News App,News & Magazines
Åowiec Polski,News & Magazines
Face Afrique,News & Magazines
Lumajang Untuk Kita,News & Magazines
Altfuels Iberia,News & Magazines
at home VOX-ã‚¢ãƒ³ãƒ†ãƒŠã‚’é«˜ãæŒã¤äººã®ãƒ‹ãƒ¥ãƒ¼ã‚¹ã‚¢ãƒ—ãƒª,News & Magazines
Minnal News,News & Magazines
Ø®Ø¨Ø± - khabr,News & Magazines
Bahu,News & Magazines
SteuerExpress,News & Magazines
Nigerian News Forum,News & Magazines
Î•Î»Î»Î·Î½Î¹ÎºÎ® Î™ÏƒÏ„Î¿ÏÎ¯Î±,News & Magazines
MeToo - Join the Movement and Stories,News & Magazines
SALZBURG24,News & Magazines
hfm Magazine,News & Magazines
Pepeling,News & Magazines
WMB World messianic Bible,News & Magazines
æ—ºTV,News & Magazines
NigeriaNews24,News & Magazines
WhatsOpen,Communication
Las recetas de pincho son fÃ¡ciles y deliciosas.,Communication
Mobil xizmat,Communication
ascula,Communication
FamOn,Communication
How to Know SIM Owner Details & Sim Card Details,Communication
ê´‘ì£¼ì˜ˆí–¥êµíšŒ,Communication
Zovi u UÅ¾icu,Communication
GridChats,Communication
PoÃ¨me Romantique en franÃ§ais,Communication
Bize - business email writing tool,Communication
LaRadioDeClick,Communication
Mobile Number Tracker,Communication
AFSCME Utah 1004,Communication
YAML,Communication
Love Photo Frame,Communication
Radio San Antonio,Communication
Chatsen,Communication
Magnet Talk,Communication
Hk Plus,Communication
Afiyacall Dialer New,Communication
Hindu kundli,Communication
Netbox.Browser,Communication
IMOCCI,Social
Nepali Congress,Social
Ory,Social
San Jose Gurdwara,Social
Say IT Doc,Social
Fancy Parivar,Social
Î”Î¹Î±Ï†Î¬Î½ÎµÎ¹Î± ÏƒÏ„Î¿ ÎšÎ¿Î¹Î½Î¿Î²Î¿ÏÎ»Î¹Î¿,Social
Celebriffy,Social
Islamic Sticker for Whatsapp all in one,Social
Map Your Empire - Live Chat,Social
Web Browser & Fast Explorer,Social
PRI-NET,Social
ë‚´ê°€ ê¶ê¸ˆí•´? SNS ì‡¼ë¯¸ (ì‡¼í•‘ë‚´ì—­ ìžë™ê³µìœ  ë¦¬ì›Œë“œ),Social
Romani Islamsko Å kola,Social
Saving The Amazon,Social
Food Rescue,Social
WORD Marketplace,Social
æ—©ä¸Šå¥½å›¾ç‰‡å’Œæ™šå®‰å›¾ç‰‡ 2020 Apps,Social
NoCENS - subcultural social network,Social
Tarjetas AÃ±o Nuevo,Social
Mobile Number Tracker & Locator,Social
Yard Travel (Book Flights, Car Rentals)
Gakondo,Adventure
Visage Haunted House,Adventure
Animal Hunting - Wild Shooting,Adventure
Satria Nusantara,Adventure
ã‚¯ã‚¤ã‚ºï¼„ã‚«ãƒˆã‚ªãƒã‚¢,Adventure
Girl Beauty: Fashion & Idol,Adventure
Quirky Squirrel Rescue,Adventure
Tap the Rat,Adventure
Penguin Experience,Adventure
Arctic Wolf Games - Simulator,Adventure
Escape Hidden Objects Mystery Room,Adventure
Free Uc and Royal pass,FREE Bp & CP
Bible (Offline, Full-Text Search)
Komoot â€” Cycling,de.komoot.android
VÄ°OP,Finance
ê²½ì¡°ì‚¬ ë…¸íŠ¸ - ì¹˜ë¶€ì±…,Finance
ICE Connect,Finance
UBIC Wallet,Finance
Banquest,Finance
monnaie et prix de l'or en Suisse,Finance
Make Money Online - Best & Easy Ways to Earn Money,Finance
Wealth Grow,Finance
Brazil Real x Honduran Lempira,Finance
e-SPTPD Kab Subang,Finance
Time Investment,Finance
GRV INVESTMENT,Finance
QwikerPay Merchant,Finance
Sell Buy Hold,Finance
ì´ì¸ ìŠ¤íƒ - ì¦ê¶Œë©”ì‹ ì €,Finance
E Currency & Money Converter- Exchange Rate 2021,Finance
Vontobel Wealth,Finance
Saveme.ng,Finance
BOG TSKAPP 2,Finance
Banca Euromobiliare Mobile,Finance
Travel Tips,Finance
Mein Lotto,Finance
Raj Corporation,Finance
Mercado DÃ³lar Blue,Finance
USSC Super Service,Finance
CBZ Touch,Finance
Education Credit Union,Finance
Villa Congreso Sede Virtual,Finance
Rakib Microfinance Bank,Finance
IMF,Finance
Oraan,Finance
POS NIB - Notion Insurance Broker,Finance
My Planning,Finance
CSHG Digital Private Banking,Finance
Zada Pessoal - FinanÃ§as Pessoais,Finance
GanaMÃ³vil,Finance
MSK COOP,Finance
XeT International,Finance
fNews.today,Finance
Bifree,Finance
My Mobile Sales (Netsis Ent.),Finance
Great Oaks Bank,Finance
Earn Money Online Guide - 50 Best Methods & Ideas,Finance
StudioTax 2019,Finance
Company Results Calendar,Finance
Cash Currency Count Calculator,Finance
CHAKRAVRIDDHI,Finance
Ampere Battery Info,Tools
GROW.me,Tools
All in one shopping app,Tools
Random Number Generator,Tools
1-Click Hotspot,Tools
Psychrometry Calculator,Tools
Video To Mp3 Converter & Audio-Video Cutter,Tools
ApkExtractor,Tools
HOMEVIZ,Tools
Home Theater Remote Pro,Tools
VM-Delay,Tools
RevoApp,Tools
Wynbee - Smart Home,Tools
Ù†Ø§ÙØ°Ø© Ù…Ø´ØªÙˆÙ„ Ø§Ù„Ø³ÙˆÙ‚ - Nafezah,Tools
Easy Urdu Keyboard:Urdu and English Keyboard 2020,Tools
GPS Installer,Tools
WiFi Analyzer Internet Speed Test,Tools
Defective pixel and Touch panel Checker,Tools
SIAC CondomÃ­nios Lages,Tools
Arabic Keyboard 2020-Speech To Text Keyboard,Tools
Internet Blocker: Net Blocker for Apps,Tools
Persian English translator,Tools
Limitless Paint,Tools
Dr. Nearchos Panayi Orthodontist,Tools
Free Fast VPN - Safe and Private,Tools
Calculadora CientÃ­fica Gratuita,Tools
Caller Name & Location Tracker Phone call,Tools
Photo and Video Locker,Tools
Hours and Pay,Tools
Winstox Digital,Tools
Calculator + Widget 21 themes,Tools
Match Tracker for COD Warzone,Tools
Back2You Live Tracking,Tools
Vigiez,Tools
Leading Trader,Tools
Calculator Lock - Video Lock & Photo Vault - HideX,Tools
Royal Horse,Tools
Customer Relationship,Tools
ç§’éŒ¶ stopwatch,Tools
Helio Smart 4G,Tools
My DNA,Tools
Tim Manager,Tools
Tatua 3 Kenya,Tools
Speed Test by Vi,Tools
QR Reader & Generator,Tools
Restaurant POS(Admin),Tools
Free Wifi Password Viewer - Security Check,Tools
Jamalek,Tools
MyPerf Server Free,Tools
First Response : SSPS,Tools
HTCBluetooth,Tools
REMOTE BEL SEKOLAH,Tools
Battery charge sound reminder-EASY,Tools
Captivate Search Button Fixer,Tools
Password Code Generator,Tools
Smart Internet Data Monitor,Tools
K8 CODE PRIME,Tools
Flux WOW Cloud Miner,Tools
SWAT,Tools
Compass,Tools
Moto control,Tools
Austrian Lotto,Tools
Trelleborg Load Calculator,Tools
Delta Ontario,Tools
Simple RNG,Tools
VFC - Volume Fast Control Pro,Tools
DeliveryPro - Receiver,Tools
G-NetTrack Lite,Tools
Universal Unit converter 2021,Tools
Nighttime clock,Tools
QR Code Scanner 2021 Free,Tools
KiwKiw Staff,Tools
Cheque Helper,Tools
ÐœÐ¾Ð½Ð¸Ñ‚Ð¾Ñ€Ð¸Ð½Ð³ gpstat.ru,Tools
ROE Visual,Tools
CEVA PSM,Tools
Miaow Clock,Tools
ç‡ƒè²»è¨ˆç®—V2ã‚¢ãƒ—ãƒª,Tools
WP Docs,Tools
Sleep Mode Clock,Tools
World Browser - Fast & Simple Browser,Tools
ADJUSTAMATTRESS,Tools
æ¡ƒåœ’æ©Ÿå ´æ·é‹æ™‚åˆ»è¡¨ - æ·é‹è½‰ä¹˜è·¯ç·šå¿«é€ŸæŸ¥è©¢(æ”¯æ´å°åŒ—æ·é‹),Travel & Local
Caliway Conductor,Travel & Local
OTENTIK Discovery FR,Travel & Local
GaiaZOO,Travel & Local
Serbia Audio Guide,Travel & Local
MoveNow User,Travel & Local
San Vito Lo Capo,Travel & Local
Delhi Public Transport - Metro and DTC Bus Routes,Travel & Local
Weinfest+ Weinfestkalender,Travel & Local
Grand Robot Lion Transform Simulator,Travel & Local
Wat Traimit Bangkok Tour Guide,Travel & Local
Ibiza Airport Guide - Flight information IBZ,Travel & Local
Tekman Batur,Travel & Local
Simply Learn Portuguese,Travel & Local
Berlin Travel Guide in english with map,Travel & Local
Haidr,Travel & Local
Shalban Vihara,Travel & Local
ASO AEROPUERTO,Travel & Local
í¬í•­ì‚°ë¦¼ì¡°í•©,Travel & Local
Avant: scooter sharing,Travel & Local
Sofitel Legend Santa Clara Cartagena,Travel & Local
è§€å…‰é­šå¸‚,Travel & Local
Rome Metro Guide and Subway Route Planner,Travel & Local
í‹°í‹°ë¹„ë¹„ - KBêµ­ë¯¼ì¹´ë“œ ìžìœ ì—¬í–‰ í”Œëž«í¼,Travel & Local
[ìœ„ì¹˜ì¶”ì  & ì´ë™ê²½ë¡œ] ì´ë™ ê²½ë¡œ ê²€ìƒ‰ / ìœ„ì¹˜ì¶”ì ,Travel & Local
Movi Guide,Travel & Local
Beautiful Butterflies,Travel & Local
Abu Dhabi Travel Guide in english with map,Travel & Local
Stezka hrdelnÃ­ho prÃ¡va,Travel & Local
Armancette,Travel & Local
Sharetransport,Travel & Local
Dublin Travel Guide with map,Travel & Local
COZUMEL MAPP,Travel & Local
Star Taxi,Travel & Local
Bananaz Bali Bike Rental,Travel & Local
BCRS - Mote Marine Laboratory,Travel & Local
Arkikus - Flaviobriga,Travel & Local
Poznajcie Podlasie,Travel & Local
Chemistry Mission,Educational
ÃŽnvÄƒÈ›Äƒm animalele,Educational
Computer Quiz,Educational
Mombrush Pro Lite Over 30y,Educational
BIG BOSS - THE BIGGER NUMBER,Educational
Coloring Book for Kids,Educational
Murottal Al-Qur'an Anak Full,Educational
MÃ u Sáº¯c - HÃ¬nh Khá»‘i,Educational
LordOfBrains,Educational
C My Attitude,Educational
Coffin Move,Casual
Night Changes - One Direction - Piano Tunes,Casual
Double Path,Casual
Inverted Space Ship,Casual
Color Pool - Billiards Color Game,Casual
Elasto Wheelie,Casual
Run Chicken,Casual
Games For Cats - Cat Alone Toy,Casual
Spider Master,Casual
TeenTeen - Legendary Shooting Game,Casual
Pass your baby,Casual
Tap Tap Tank,Casual
Makeup Kit Comfy Cakes - Fun Games for Girls,Casual
Monkey Bubble Fruit,Casual
Fabulous - Angela's Wedding Disaster ðŸ‘° ðŸ¤µ,Casual
A.D.A: Avoid The Asteroids,Casual
Nerdy Girl Make Up Salon,Casual
Falling Ball Survival,Casual
Tappy Tap- The Game,Casual
Just Don't Move,Casual
Call from-shortcake Strawberryâ€™s Princes,Casual
ìš°ë¬¼ì•ˆì˜ ê°œêµ¬ë¦¬,Casual
Let's Fact? Let's Go!,Trivia
temporoespacial,Trivia
Brain teaser game,Trivia
Demon Slayer Anime Quiz. Kimetsu no Yaiba Nanatsu,Trivia
Magic Snap: Momotaro,Trivia
Ð’ÑÐ¿Ð¾Ð¼Ð½Ð¸ 80-Ðµ,Trivia
Number Crosswords,Trivia
Readymade Grocery App,Food & Drink
Tasteocracy Taste Testers,Food & Drink
Chaat Recipes,Food & Drink
Sorvetes Ki-Sabor,Food & Drink
Speed Resto,Food & Drink
FoodCyclon Restaurant App,Food & Drink
Makanaja,Food & Drink
Diet Plan Recipes,Food & Drink
1251 Around the Cluck,Food & Drink
CliQer Merchant,Food & Drink
Take Food At Door,Food & Drink
Ð ÐµÑ†ÐµÐ¿Ñ‚Ñ‹ ÑÐ°Ð»Ð°Ñ‚Ð¾Ð²,Food & Drink
Deluca's Italian Deli,Food & Drink
Ð’ÐµÐ³ÐµÑ‚Ð°Ñ€Ð¸Ð°Ð½ÑÐºÐ¸Ðµ Ñ€ÐµÑ†ÐµÐ¿Ñ‚Ñ‹,Food & Drink
Arte Gourmet,Food & Drink
Gothams Deli,Food & Drink
SJ Delivery,Food & Drink
Baked Chicken Recipes: Roasted Chicken Recipe Free,Food & Drink
Rice Recipes,Food & Drink
Bogadido,Food & Drink
Beer Homebrew App,Food & Drink
Fraoula Mikrolimano,Food & Drink
Concetto Food App,Food & Drink
Przepisy Niepieprz.pl,Food & Drink
Good Time,Food & Drink
True Elements: Healthy Breakfast & Snacks App,Food & Drink
Viander,Food & Drink
Insomnia Kitchen,Food & Drink
Metropolis Coffee & Bagel,Food & Drink
ÙˆØ§ØµÙ„Ø©,Food & Drink
Flos Olei 2017 Best,Food & Drink
Milk India,Food & Drink
SazÃ³n Mexican Cafe,Food & Drink
Kiwi Deliver - Merchant,Food & Drink
Mensa Hannover,Food & Drink
Balti Night Middlesborough,Food & Drink
Anonymous Chat Rooms,chat.anti
Sticky Ball,Arcade
CUBIC RUNNER,Arcade
Extrude Balance,Arcade
Pick Lock,Arcade
Scale Hero,Arcade
Flappy Duck â€” Angry Bird,Arcade
Collapsy Stairs,Arcade
Pteranodon Dinosaurs Games,Arcade
Duo Cylinder,Arcade
kelle,Arcade
Don't tap the Christmas Tree!,Arcade
Balls of the Tiger,Arcade
Road Alignment,Arcade
Hallways,Arcade
Platform Master!,Arcade
Banana Chip,Arcade
RED BOX,Arcade
Chakras: Path to Nirvana,Arcade
Crazy Kick!,Arcade
Violent Delights,Arcade
Zombie Attack 2,Arcade
Box Brothers,Arcade
Mice vs Hammers,Arcade
Boxes of Trouble (Beta),Arcade
Sky Fire,Arcade
Alien Space Dash,Arcade
Monkey Jungle Escape,Arcade
Overachiever: Mini Games,Arcade
Natural : Nature Wallpaper HD,com.planetravel.android.naturalwallpaper
Photo Brightness Editor - Image Brighten App,Photography
Space wallpapers 4K 2021,Photography
Valentine Love Photo Frame,Photography
Photo Collage,Photography
Birds Images Wallpapers,Photography
Diwali Photo Frame 2021,Photography
Hairstyles for your face,Photography
Police Photo Suit,Photography
Mobile Photo Scanner (MPScan),Photography
FERNFAHRER Reporter,Photography
Maradona wallpapers HD,Photography
Photo Pe Naam Likhe : à¤«à¥‹à¤Ÿà¥‹ à¤ªà¥‡ à¤¨à¤¾à¤® à¤²à¤¿à¤–à¥‡  name art,Photography
Halloween Photo Editor ðŸŽƒ,Photography
Make Photos With Sung Ji-yeon (MOMOLAND),Photography
Gandr â€” A photo collage maker without limits,Photography
Photography Made Easy,Photography
Story Maker For Instagram,Photography
National Park Photo Editor,Photography
King Photo Frames,Photography
SandboxGallery - Exhibitions,Photography
PhotoAlbum,Photography
3D Photo Book [3D-NARITA],Photography
Mega Ramps Car Stunts: Ultimate Races Car Games,Weather
Call to Sniper Duty: 3D Assassin FPS Battle 2020,Weather
The Weather Live Forecast Channel : radar maps,Weather
El Tiempo en RTVE.es,Weather
qWeather,Weather
Block Fill: Puzzle Game,Puzzle
Jenifa spells 2,Puzzle
Escape Games Jolly-42,Puzzle
Tile Jump: Find the Path,Puzzle
MÃ©lÃ©lÃ©mo,Puzzle
TrÃ² chÆ¡i ngÆ°á»i treo cá»• - Giáº£i Ã´ chá»¯,Puzzle
Word Line,Puzzle
Mind Game - Match the pair,Puzzle
Only 60,Puzzle
Jump Jump,Puzzle
Match me,Puzzle
Tebak Gambaran 2: Go International,Puzzle
Fill Ya Grid,Puzzle
3 Jewels Deluxe,Puzzle
Find The Object,Puzzle
Tap Tap GONE,Puzzle
Maths Puzzle Game - Mathology,Puzzle
HÃ¡dej Kdo! CZ,Puzzle
Power of 2: Number Sliding Game,Puzzle
Prabhas Puzzle,Puzzle
Coptic Memory Game,Puzzle
Crop It ! - Free Rectangle Edition,Puzzle
Click Counter. How Many Clicks Can You Handle?,Puzzle
Spooky Halloween,Puzzle
åæŽ¢åµã‚³ãƒŠãƒ³ã‚¯ã‚¤ã‚ºè¨ºæ–­ã‚¢ãƒ—ãƒª ç„¡æ–™ã‚²ãƒ¼ãƒ ,Puzzle
Bubble breaker free,Puzzle
Juegos Turismo Villena,Puzzle
Sinful Puzzle: dates inferno,Puzzle
Math Duel: 2 Player Math Game,Puzzle
Balls in the Hole,Puzzle
Extreme Flight Sim,Simulation
Call from Bendy ðŸ“± Call + Chat,Simulation
Daily Farm - Idle Farm,Simulation
Virtual Baby Simulator -  Mother Simulator 2020,Simulation
Fire Truck Rescue Driving Sim 3D,Simulation
Euro Truck Simulator 2020 - Cargo Truck Driver,Simulation
Cargo Ship Manual Crane 2,Simulation
Theme Park Simulator,Simulation
The Ramen Sensei 2,Simulation
æ—§Leftã€æ”¾ç½®åž‹RPGã€‘,Simulation
Bridge Constructor Playground FREE,Simulation
Super Slime Simulator: Satisfying ASMR & DIY Games,Simulation
City Taxi Simulator Game,Simulation
ë„ì‚¬ í‚¤ìš°ê¸° 2 - ê°€ë©´ë„ì‚¬,Simulation
Guide For Wolfquest,Simulation
Beating Together - Visual Novel,Simulation
Exotic Expensive Car Simulator,Simulation
Treasure Hunters,Simulation
Village Tractor Farmer 2021 - Real Farming Game,Simulation
Casino High Low,Casino
Marshmello Alone Launchpad Mashup Music Mix,Music
Colour Paino Tiles,Music
Baby Instrument Sounds 2,Music
Piano,Music
Shiru Wa GP songs- Kikuyu gospel songs,shiru.aplez
Gujarati Stickers For WhatsApp Chats,com.stickers.gujaratistickerpackforwhatsapp
The Brownie Strategist,Strategy
Thru' the Wall,Strategy
Medieval Chess,Strategy
Yatzy! Collection - Classic Dice Game,Strategy
King of Defense Premium: Tower Defense Offline,Strategy
Hexonia,Strategy
Cooling Master - Phone Cooler Free,com.cxzh.cooler
Pakistani Food Recipes In Urdu,com.appman.PakistaniFoodRecipes
WebCode - ide for html,com.qamar.ide.web
Duo+ Hangout,Role Playing
Arjun : Warrior of Mahabharata,Role Playing
Cambodian.Express,Auto & Vehicles
Racepak D3 Racing,Auto & Vehicles
SDRA Mobile (Driver),Auto & Vehicles
Impossible Bicycle Stunt - Mega Ramp BMX Bicycle,Auto & Vehicles
Norwalk Marketplace,Auto & Vehicles
Transportes Rupito,Auto & Vehicles
Mogul Track,Auto & Vehicles
Jeep Wallpapers 4K,Auto & Vehicles
HD Video Player (IPTV) Mp4 Max - All Format,Video Players & Editors
Promes,Video Players & Editors
VLC Stream and Remote,Video Players & Editors
Krish Audio & Video Downloader,Video Players & Editors
TV Sat Info Uruguay,Video Players & Editors
Life In The Spirit Ministries (LITSM),Video Players & Editors
MiniMovie Maker,Video Players & Editors
